sample_index,kl_total,nn_l2_mean,nn_l2_median,nn_l2_p95,dir_cosine_mean,mag_mae,mag_rmse,mag_corr,scale_ratio,chamfer_l2_mean,active_ratio
0,240.631591796875,0.024048786659519723,0.023810687919751463,0.03279053915199064,0.9806771278381348,0.006390118505805731,0.008193022571504116,0.9996659359511366,0.8517566583239272,0.034289389165285476,1.0
