sample_index,kl_total,nn_l2_mean,nn_l2_median,nn_l2_p95,dir_cosine_mean,mag_mae,mag_rmse,mag_corr,scale_ratio,chamfer_l2_mean,active_ratio
0,1.005077838897705,0.004865000895820923,0.004769902937087261,0.010860105120025727,0.9905430674552917,0.0033607068471610546,0.004518268164247274,0.9974903646163822,0.19537365263182355,0.2269696823045701,0.2421875
