sample_index,kl_total,nn_l2_mean,nn_l2_median,nn_l2_p95,dir_cosine_mean,mag_mae,mag_rmse,mag_corr,scale_ratio,chamfer_l2_mean,active_ratio
0,8390.4541015625,0.12204223165148895,0.121762253168061,0.15531161987701883,0.8372073173522949,0.0365733876824379,0.047280389815568924,0.9961575403829707,0.8121614665240035,0.02214814504735646,1.0
