sample_index,kl_total,nn_l2_mean,nn_l2_median,nn_l2_p95,dir_cosine_mean,mag_mae,mag_rmse,mag_corr,scale_ratio,chamfer_l2_mean,active_ratio
0,256.0396423339844,0.02374420841415664,0.023566040575664395,0.03108899393288316,0.9631308913230896,0.004903427790850401,0.006740317679941654,0.9998237381053631,0.5790356771611771,0.09570480078206348,1.0
