sample_index,kl_total,nn_l2_mean,nn_l2_median,nn_l2_p95,dir_cosine_mean,mag_mae,mag_rmse,mag_corr,scale_ratio,chamfer_l2_mean,active_ratio
0,2.755626678466797,0.005812863874450329,0.00482362745292366,0.011640927897452434,0.9263424277305603,0.0030467724427580833,0.003961317706853151,0.9972976723158152,0.12220768913236352,0.2378703202619411,0.6328125
